Date,Open,High,Low,Close,Volume
2018-02-05,0.00,0.00,0.00,0.00,12489400
2018-02-06,0.00,0.00,0.00,0.00,19139100
2018-02-07,0.00,0.00,0.00,0.00,12990100
2018-02-08,0.00,0.00,0.00,0.00,9462680
2018-02-09,0.00,0.01,0.00,0.00,11190100
2018-02-10,0.00,0.01,0.00,0.00,16717300
2018-02-11,0.00,0.01,0.00,0.00,11309800
2018-02-12,0.00,0.01,0.00,0.01,11124300
2018-02-13,0.01,0.01,0.01,0.01,14149700
2018-02-14,0.01,0.01,0.01,0.01,40527400
2018-02-15,0.01,0.01,0.01,0.01,43275000
2018-02-16,0.01,0.01,0.01,0.01,26553900
2018-02-17,0.01,0.01,0.01,0.01,18333100
2018-02-18,0.01,0.01,0.01,0.01,15291500
2018-02-19,0.01,0.01,0.01,0.01,13019200
2018-02-20,0.01,0.01,0.01,0.01,107911000
2018-02-21,0.01,0.01,0.01,0.01,36813100
2018-02-22,0.01,0.01,0.01,0.01,20365500
2018-02-23,0.01,0.01,0.01,0.01,19390500
2018-02-24,0.01,0.01,0.01,0.01,15687300
2018-02-25,0.01,0.01,0.01,0.01,11758800
2018-02-26,0.01,0.01,0.01,0.01,12068600
2018-02-27,0.01,0.01,0.01,0.01,12201900
2018-02-28,0.01,0.01,0.01,0.01,13227600
2018-03-01,0.01,0.01,0.01,0.01,15518400
2018-03-02,0.01,0.01,0.01,0.01,22498100
2018-03-03,0.01,0.01,0.01,0.01,21545000
2018-03-04,0.01,0.01,0.01,0.01,12133500
2018-03-05,0.01,0.01,0.01,0.01,13627700
2018-03-06,0.01,0.01,0.00,0.00,14766900
2018-03-07,0.00,0.00,0.00,0.00,17585500
2018-03-08,0.00,0.00,0.00,0.00,15499400
2018-03-09,0.00,0.00,0.00,0.00,13624400
2018-03-10,0.00,0.00,0.00,0.00,9880540
2018-03-11,0.00,0.00,0.00,0.00,9251440
2018-03-12,0.00,0.00,0.00,0.00,7601500
2018-03-13,0.00,0.00,0.00,0.00,6006560
2018-03-14,0.00,0.00,0.00,0.00,7532350
2018-03-15,0.00,0.00,0.00,0.00,9316740
2018-03-16,0.00,0.00,0.00,0.00,6407110
2018-03-17,0.00,0.00,0.00,0.00,6231110
2018-03-18,0.00,0.00,0.00,0.00,9029610
2018-03-19,0.00,0.00,0.00,0.00,8278910
2018-03-20,0.00,0.00,0.00,0.00,6638060
2018-03-21,0.00,0.00,0.00,0.00,6711100
2018-03-22,0.00,0.00,0.00,0.00,5210480
2018-03-23,0.00,0.00,0.00,0.00,6178530
2018-03-24,0.00,0.00,0.00,0.00,4461220
2018-03-25,0.00,0.00,0.00,0.00,3476340
2018-03-26,0.00,0.00,0.00,0.00,6061990
2018-03-27,0.00,0.00,0.00,0.00,5235300
2018-03-28,0.00,0.00,0.00,0.00,4912220
2018-03-29,0.00,0.00,0.00,0.00,5630550
2018-03-30,0.00,0.00,0.00,0.00,5378440
2018-03-31,0.00,0.00,0.00,0.00,3505010
2018-04-01,0.00,0.00,0.00,0.00,3373820
2018-04-02,0.00,0.00,0.00,0.00,5034000
2018-04-03,0.00,0.00,0.00,0.00,6618080
2018-04-04,0.00,0.00,0.00,0.00,5330250
2018-04-05,0.00,0.00,0.00,0.00,4829150
2018-04-06,0.00,0.00,0.00,0.00,2848290
2018-04-07,0.00,0.00,0.00,0.00,3034220
2018-04-08,0.00,0.00,0.00,0.00,3683180
2018-04-09,0.00,0.00,0.00,0.00,4827250
2018-04-10,0.00,0.00,0.00,0.00,10212100
2018-04-11,0.00,0.00,0.00,0.00,25292400
2018-04-12,0.00,0.00,0.00,0.00,13877700
2018-04-13,0.00,0.00,0.00,0.00,18150400
2018-04-14,0.00,0.00,0.00,0.00,13585900
2018-04-15,0.00,0.00,0.00,0.00,11867500
2018-04-16,0.00,0.00,0.00,0.00,22272600
2018-04-17,0.00,0.00,0.00,0.00,17139500
2018-04-18,0.00,0.01,0.00,0.01,21720200
2018-04-19,0.01,0.01,0.01,0.01,27012500
2018-04-20,0.01,0.01,0.01,0.01,23110700
2018-04-21,0.01,0.01,0.01,0.01,25007100
2018-04-22,0.01,0.01,0.01,0.01,18456900
2018-04-23,0.01,0.01,0.01,0.01,33576300
2018-04-24,0.01,0.01,0.01,0.01,36637000
2018-04-25,0.01,0.01,0.00,0.01,38270000
2018-04-26,0.01,0.01,0.00,0.01,41358700
2018-04-27,0.01,0.01,0.01,0.01,38969800
2018-04-28,0.01,0.01,0.01,0.01,35916600
2018-04-29,0.01,0.01,0.01,0.01,37883800
2018-04-30,0.01,0.01,0.01,0.01,36411800
2018-05-01,0.01,0.01,0.00,0.01,11657500
2018-05-02,0.01,0.01,0.01,0.01,49958400
2018-05-03,0.01,0.01,0.01,0.01,50484900
2018-05-04,0.01,0.01,0.01,0.01,14434200
2018-05-05,0.01,0.01,0.01,0.01,30335800
2018-05-06,0.01,0.01,0.00,0.00,33446900
2018-05-07,0.00,0.01,0.00,0.00,25891500
2018-05-08,0.00,0.01,0.00,0.01,40660100
2018-05-09,0.01,0.01,0.00,0.01,33562300
2018-05-10,0.00,0.01,0.00,0.00,34878500
2018-05-11,0.01,0.01,0.00,0.00,27582800
2018-05-12,0.00,0.00,0.00,0.00,27449400
2018-05-13,0.00,0.00,0.00,0.00,19823500
2018-05-14,0.00,0.00,0.00,0.00,12399700
2018-05-15,0.00,0.00,0.00,0.00,21076900
2018-05-16,0.00,0.00,0.00,0.00,9611630
2018-05-17,0.00,0.00,0.00,0.00,17314000
2018-05-18,0.00,0.00,0.00,0.00,13622000
2018-05-19,0.00,0.00,0.00,0.00,15007400
2018-05-20,0.00,0.00,0.00,0.00,15909900
2018-05-21,0.00,0.00,0.00,0.00,18454500
2018-05-22,0.00,0.00,0.00,0.00,10205700
2018-05-23,0.00,0.00,0.00,0.00,14899100
2018-05-24,0.00,0.00,0.00,0.00,10460200
2018-05-25,0.00,0.00,0.00,0.00,10613600
2018-05-26,0.00,0.00,0.00,0.00,6353660
2018-05-27,0.00,0.00,0.00,0.00,3494870
2018-05-28,0.00,0.00,0.00,0.00,7502800
2018-05-29,0.00,0.00,0.00,0.00,9244550
2018-05-30,0.00,0.00,0.00,0.00,7463910
2018-05-31,0.00,0.00,0.00,0.00,8971080
2018-06-01,0.00,0.00,0.00,0.00,5436780
2018-06-02,0.00,0.00,0.00,0.00,5918490
2018-06-03,0.00,0.00,0.00,0.00,19570200
2018-06-04,0.00,0.00,0.00,0.00,22162200
2018-06-05,0.00,0.00,0.00,0.00,18819700
2018-06-06,0.00,0.00,0.00,0.00,21273700
2018-06-07,0.00,0.00,0.00,0.00,6110720
2018-06-08,0.00,0.00,0.00,0.00,6921140
2018-06-09,0.00,0.00,0.00,0.00,4672910
2018-06-10,0.00,0.00,0.00,0.00,7439530
2018-06-11,0.00,0.00,0.00,0.00,4841840
2018-06-12,0.00,0.00,0.00,0.00,4965300
2018-06-13,0.00,0.00,0.00,0.00,11074900
2018-06-14,0.00,0.00,0.00,0.00,9869880
2018-06-15,0.00,0.00,0.00,0.00,12125600
2018-06-16,0.00,0.00,0.00,0.00,6642410
2018-06-17,0.00,0.00,0.00,0.00,6253640
2018-06-18,0.00,0.00,0.00,0.00,8143520
2018-06-19,0.00,0.00,0.00,0.00,4460270
2018-06-20,0.00,0.00,0.00,0.00,3245680
2018-06-21,0.00,0.00,0.00,0.00,3952000
2018-06-22,0.00,0.00,0.00,0.00,9291920
2018-06-23,0.00,0.00,0.00,0.00,9938440
2018-06-24,0.00,0.00,0.00,0.00,9879600
2018-06-25,0.00,0.00,0.00,0.00,5693670
2018-06-26,0.00,0.00,0.00,0.00,4070170
2018-06-27,0.00,0.00,0.00,0.00,5765380
2018-06-28,0.00,0.00,0.00,0.00,3678050
2018-06-29,0.00,0.00,0.00,0.00,3832380
2018-06-30,0.00,0.00,0.00,0.00,6122900
2018-07-01,0.00,0.00,0.00,0.00,8435030
2018-07-02,0.00,0.00,0.00,0.00,5812800
2018-07-03,0.00,0.00,0.00,0.00,5643560
2018-07-04,0.00,0.00,0.00,0.00,4781340
2018-07-05,0.00,0.00,0.00,0.00,3792270
2018-07-06,0.00,0.00,0.00,0.00,4306990
2018-07-07,0.00,0.00,0.00,0.00,4205310
2018-07-08,0.00,0.00,0.00,0.00,5004800
2018-07-09,0.00,0.00,0.00,0.00,4233540
2018-07-10,0.00,0.00,0.00,0.00,6741490
2018-07-11,0.00,0.00,0.00,0.00,9788650
2018-07-12,0.00,0.00,0.00,0.00,4220800
2018-07-13,0.00,0.00,0.00,0.00,6191910
2018-07-14,0.00,0.00,0.00,0.00,4179950
2018-07-15,0.00,0.00,0.00,0.00,3869860
2018-07-16,0.00,0.00,0.00,0.00,15576200
2018-07-17,0.00,0.00,0.00,0.00,15429200
2018-07-18,0.00,0.00,0.00,0.00,39281300
2018-07-19,0.00,0.00,0.00,0.00,25349600
2018-07-20,0.00,0.00,0.00,0.00,18017900
2018-07-21,0.00,0.00,0.00,0.00,13342900
2018-07-22,0.00,0.00,0.00,0.00,11356800
2018-07-23,0.00,0.00,0.00,0.00,8372820
2018-07-24,0.00,0.00,0.00,0.00,10829100
2018-07-25,0.00,0.00,0.00,0.00,13195600
2018-07-26,0.00,0.00,0.00,0.00,6916450
2018-07-27,0.00,0.00,0.00,0.00,5090340
2018-07-28,0.00,0.00,0.00,0.00,3341480
2018-07-29,0.00,0.00,0.00,0.00,5890530
2018-07-30,0.00,0.00,0.00,0.00,13732200
2018-07-31,0.00,0.00,0.00,0.00,14253600
2018-08-01,0.00,0.00,0.00,0.00,14829700
2018-08-02,0.00,0.00,0.00,0.00,6942240
2018-08-03,0.00,0.00,0.00,0.00,9546950
2018-08-04,0.00,0.00,0.00,0.00,7980110
2018-08-05,0.00,0.00,0.00,0.00,11384200
2018-08-06,0.00,0.00,0.00,0.00,5668670
2018-08-07,0.00,0.00,0.00,0.00,5725520
2018-08-08,0.00,0.00,0.00,0.00,4879040
2018-08-09,0.00,0.00,0.00,0.00,7374010
2018-08-10,0.00,0.00,0.00,0.00,4693290
2018-08-11,0.00,0.00,0.00,0.00,5083850
2018-08-12,0.00,0.00,0.00,0.00,3433940
2018-08-13,0.00,0.00,0.00,0.00,4981090
2018-08-14,0.00,0.00,0.00,0.00,7512400
2018-08-15,0.00,0.00,0.00,0.00,5379460
2018-08-16,0.00,0.00,0.00,0.00,5860370
2018-08-17,0.00,0.00,0.00,0.00,5233940
2018-08-18,0.00,0.00,0.00,0.00,6738940
2018-08-19,0.00,0.00,0.00,0.00,2665100
2018-08-20,0.00,0.00,0.00,0.00,2424120
2018-08-21,0.00,0.00,0.00,0.00,2134170
2018-08-22,0.00,0.00,0.00,0.00,5962320
2018-08-23,0.00,0.00,0.00,0.00,2596260
2018-08-24,0.00,0.00,0.00,0.00,3251910
2018-08-25,0.00,0.00,0.00,0.00,4028740
2018-08-26,0.00,0.00,0.00,0.00,2912230
2018-08-27,0.00,0.00,0.00,0.00,3618660
2018-08-28,0.00,0.00,0.00,0.00,5215460
2018-08-29,0.00,0.00,0.00,0.00,4588400
2018-08-30,0.00,0.00,0.00,0.00,33967500
2018-08-31,0.00,0.00,0.00,0.00,77150500
2018-09-01,0.00,0.01,0.00,0.01,193826000
2018-09-02,0.01,0.01,0.00,0.00,139429000
2018-09-03,0.01,0.01,0.00,0.01,57158800
2018-09-04,0.01,0.01,0.01,0.01,32495100
2018-09-05,0.01,0.01,0.00,0.00,50536000
2018-09-06,0.00,0.01,0.00,0.01,32481300
2018-09-07,0.00,0.01,0.00,0.01,37618700
2018-09-08,0.01,0.01,0.01,0.01,48248300
2018-09-09,0.01,0.01,0.01,0.01,32572000
2018-09-10,0.01,0.01,0.01,0.01,76891600
2018-09-11,0.01,0.01,0.01,0.01,89882900
2018-09-12,0.01,0.01,0.01,0.01,59824100
2018-09-13,0.01,0.01,0.01,0.01,45785700
2018-09-14,0.01,0.01,0.01,0.01,41910000
2018-09-15,0.01,0.01,0.01,0.01,16956400
2018-09-16,0.01,0.01,0.01,0.01,21598600
2018-09-17,0.01,0.01,0.01,0.01,26385900
2018-09-18,0.01,0.01,0.01,0.01,39689500
2018-09-19,0.01,0.01,0.01,0.01,38645300
2018-09-20,0.01,0.01,0.01,0.01,25354400
2018-09-21,0.01,0.01,0.01,0.01,22345300
2018-09-22,0.01,0.01,0.01,0.01,14917600
2018-09-23,0.01,0.01,0.01,0.01,12445100
2018-09-24,0.01,0.01,0.01,0.01,17243600
2018-09-25,0.01,0.01,0.01,0.01,17598700
2018-09-26,0.01,0.01,0.01,0.01,11673600
2018-09-27,0.01,0.01,0.01,0.01,15096200
2018-09-28,0.01,0.01,0.01,0.01,14461600
2018-09-29,0.01,0.01,0.01,0.01,15626800
2018-09-30,0.01,0.01,0.01,0.01,13396600
2018-10-01,0.01,0.01,0.01,0.01,20096400
2018-10-02,0.01,0.01,0.01,0.01,15357200
2018-10-03,0.01,0.01,0.01,0.01,15933900
2018-10-04,0.01,0.01,0.01,0.01,14529600
2018-10-05,0.01,0.01,0.01,0.01,12566200
2018-10-06,0.01,0.01,0.01,0.01,13055500
2018-10-07,0.01,0.01,0.01,0.01,7755690
2018-10-08,0.01,0.01,0.01,0.01,12177400
2018-10-09,0.01,0.01,0.01,0.01,8996090
2018-10-10,0.01,0.01,0.01,0.01,10274400
2018-10-11,0.01,0.01,0.00,0.00,18770800
2018-10-12,0.00,0.01,0.00,0.01,9635600
2018-10-13,0.01,0.01,0.01,0.01,8095130
2018-10-14,0.01,0.01,0.01,0.01,7930760
2018-10-15,0.01,0.01,0.01,0.01,18579800
2018-10-16,0.01,0.01,0.00,0.01,11794600
2018-10-17,0.01,0.01,0.00,0.00,24144600
2018-10-18,0.00,0.00,0.00,0.00,22842600
2018-10-19,0.00,0.00,0.00,0.00,17274700
2018-10-20,0.00,0.00,0.00,0.00,7574780
2018-10-21,0.00,0.00,0.00,0.00,7521080
2018-10-22,0.00,0.00,0.00,0.00,10602500
2018-10-23,0.00,0.00,0.00,0.00,12913100
2018-10-24,0.00,0.00,0.00,0.00,17832300
2018-10-25,0.00,0.00,0.00,0.00,12336100
2018-10-26,0.00,0.00,0.00,0.00,16214900
2018-10-27,0.00,0.00,0.00,0.00,23286000
2018-10-28,0.00,0.00,0.00,0.00,11694700
2018-10-29,0.00,0.00,0.00,0.00,14051900
2018-10-30,0.00,0.00,0.00,0.00,11828900
2018-10-31,0.00,0.00,0.00,0.00,14273900
2018-11-01,0.00,0.00,0.00,0.00,10034100
2018-11-02,0.00,0.00,0.00,0.00,11323400
2018-11-03,0.00,0.00,0.00,0.00,7815160
2018-11-04,0.00,0.00,0.00,0.00,8992540
2018-11-05,0.00,0.00,0.00,0.00,11645300
2018-11-06,0.00,0.00,0.00,0.00,15554100
2018-11-07,0.00,0.00,0.00,0.00,10603600
2018-11-08,0.00,0.00,0.00,0.00,13533900
2018-11-09,0.00,0.00,0.00,0.00,18644000
2018-11-10,0.00,0.00,0.00,0.00,15996900
2018-11-11,0.00,0.00,0.00,0.00,8201330
2018-11-12,0.00,0.00,0.00,0.00,10401200
2018-11-13,0.00,0.00,0.00,0.00,7309800
2018-11-14,0.00,0.00,0.00,0.00,15358000
2018-11-15,0.00,0.00,0.00,0.00,22776600
2018-11-16,0.00,0.00,0.00,0.00,24758900
2018-11-17,0.00,0.00,0.00,0.00,18533300
2018-11-18,0.00,0.00,0.00,0.00,11556400
2018-11-19,0.00,0.00,0.00,0.00,16481100
2018-11-20,0.00,0.00,0.00,0.00,20588800
2018-11-21,0.00,0.00,0.00,0.00,28366700
2018-11-22,0.00,0.00,0.00,0.00,13264200
2018-11-23,0.00,0.00,0.00,0.00,11322000
2018-11-24,0.00,0.00,0.00,0.00,11318100
2018-11-25,0.00,0.00,0.00,0.00,11793900
2018-11-26,0.00,0.00,0.00,0.00,11991200
2018-11-27,0.00,0.00,0.00,0.00,11737900
2018-11-28,0.00,0.00,0.00,0.00,14675800
2018-11-29,0.00,0.00,0.00,0.00,12848617
2018-11-30,0.00,0.00,0.00,0.00,11289729
2018-12-01,0.00,0.00,0.00,0.00,9596327
2018-12-02,0.00,0.00,0.00,0.00,9346514
2018-12-03,0.00,0.00,0.00,0.00,12481724
2018-12-04,0.00,0.00,0.00,0.00,17851389
2018-12-05,0.00,0.00,0.00,0.00,20634689
2018-12-06,0.00,0.00,0.00,0.00,24766152
2018-12-07,0.00,0.00,0.00,0.00,27761895
2018-12-08,0.00,0.00,0.00,0.00,18741868
2018-12-09,0.00,0.00,0.00,0.00,16961970
2018-12-10,0.00,0.00,0.00,0.00,15898038
2018-12-11,0.00,0.00,0.00,0.00,16096640
2018-12-12,0.00,0.00,0.00,0.00,18564007
2018-12-13,0.00,0.00,0.00,0.00,17660417
2018-12-14,0.00,0.00,0.00,0.00,16163454
2018-12-15,0.00,0.00,0.00,0.00,13579048
2018-12-16,0.00,0.00,0.00,0.00,16084725
2018-12-17,0.00,0.00,0.00,0.00,38633067
2018-12-18,0.00,0.00,0.00,0.00,39838880
2018-12-19,0.00,0.00,0.00,0.00,29874095
2018-12-20,0.00,0.00,0.00,0.00,23713034
2018-12-21,0.00,0.00,0.00,0.00,22399777
2018-12-22,0.00,0.00,0.00,0.00,18456616
2018-12-23,0.00,0.00,0.00,0.00,20041491
2018-12-24,0.00,0.00,0.00,0.00,24536966
2018-12-25,0.00,0.00,0.00,0.00,19340547
2018-12-26,0.00,0.00,0.00,0.00,17477619
2018-12-27,0.00,0.00,0.00,0.00,19224932
2018-12-28,0.00,0.00,0.00,0.00,19439895
2018-12-29,0.00,0.00,0.00,0.00,16985015
2018-12-30,0.00,0.00,0.00,0.00,16846019
2018-12-31,0.00,0.00,0.00,0.00,18724788
2019-01-01,0.00,0.00,0.00,0.00,17364744
2019-01-02,0.00,0.00,0.00,0.00,18015392
2019-01-03,0.00,0.00,0.00,0.00,17619234
2019-01-04,0.00,0.00,0.00,0.00,19530100
2019-01-05,0.00,0.00,0.00,0.00,17148586
2019-01-06,0.00,0.00,0.00,0.00,18175111
2019-01-07,0.00,0.00,0.00,0.00,15899004
2019-01-08,0.00,0.00,0.00,0.00,20994417
2019-01-09,0.00,0.00,0.00,0.00,17010797
2019-01-10,0.00,0.00,0.00,0.00,21174109
2019-01-11,0.00,0.00,0.00,0.00,17187243
2019-01-12,0.00,0.00,0.00,0.00,14167258
2019-01-13,0.00,0.00,0.00,0.00,18059306
2019-01-14,0.00,0.00,0.00,0.00,18534843
2019-01-15,0.00,0.00,0.00,0.00,15986348
2019-01-16,0.00,0.00,0.00,0.00,13656181
2019-01-17,0.00,0.00,0.00,0.00,13882217
2019-01-18,0.00,0.00,0.00,0.00,12471672
2019-01-19,0.00,0.00,0.00,0.00,16088820
2019-01-20,0.00,0.00,0.00,0.00,16178008
2019-01-21,0.00,0.00,0.00,0.00,17205921
2019-01-22,0.00,0.00,0.00,0.00,18971837
2019-01-23,0.00,0.00,0.00,0.00,15672115
2019-01-24,0.00,0.00,0.00,0.00,15825805
2019-01-25,0.00,0.00,0.00,0.00,15953121
2019-01-26,0.00,0.00,0.00,0.00,15588079
2019-01-27,0.00,0.00,0.00,0.00,16233338
2019-01-28,0.00,0.00,0.00,0.00,16265136
2019-01-29,0.00,0.00,0.00,0.00,14809844
2019-01-30,0.00,0.00,0.00,0.00,11813018
2019-01-31,0.00,0.00,0.00,0.00,13824059
2019-02-01,0.00,0.00,0.00,0.00,17411751
2019-02-02,0.00,0.00,0.00,0.00,13184663
2019-02-03,0.00,0.00,0.00,0.00,15354409
2019-02-04,0.00,0.00,0.00,0.00,13169126
2019-02-05,0.00,0.00,0.00,0.00,13983316
2019-02-06,0.00,0.00,0.00,0.00,15246340
2019-02-07,0.00,0.00,0.00,0.00,14228248
2019-02-08,0.00,0.00,0.00,0.00,17956052
2019-02-09,0.00,0.00,0.00,0.00,14455529
2019-02-10,0.00,0.00,0.00,0.00,15828371
2019-02-11,0.00,0.00,0.00,0.00,15220889
2019-02-12,0.00,0.00,0.00,0.00,16971098
2019-02-13,0.00,0.00,0.00,0.00,15440451
2019-02-14,0.00,0.00,0.00,0.00,16879422
2019-02-15,0.00,0.00,0.00,0.00,14754160
2019-02-16,0.00,0.00,0.00,0.00,14351257
2019-02-17,0.00,0.00,0.00,0.00,19208659
2019-02-18,0.00,0.00,0.00,0.00,26457493
2019-02-19,0.00,0.00,0.00,0.00,26883836
2019-02-20,0.00,0.00,0.00,0.00,20976083
2019-02-21,0.00,0.00,0.00,0.00,18308575
2019-02-22,0.00,0.00,0.00,0.00,19850028
2019-02-23,0.00,0.00,0.00,0.00,20487004
2019-02-24,0.00,0.00,0.00,0.00,25171947
2019-02-25,0.00,0.00,0.00,0.00,20965852
2019-02-26,0.00,0.00,0.00,0.00,19292966
2019-02-27,0.00,0.00,0.00,0.00,19512740
2019-02-28,0.00,0.00,0.00,0.00,18191276
2019-03-01,0.00,0.00,0.00,0.00,18777567
2019-03-02,0.00,0.00,0.00,0.00,17330550
2019-03-03,0.00,0.00,0.00,0.00,15753983
2019-03-04,0.00,0.00,0.00,0.00,16744533
2019-03-05,0.00,0.00,0.00,0.00,19420739
2019-03-06,0.00,0.00,0.00,0.00,17375079
2019-03-07,0.00,0.00,0.00,0.00,17976088
2019-03-08,0.00,0.00,0.00,0.00,17551404
2019-03-09,0.00,0.00,0.00,0.00,17348833
2019-03-10,0.00,0.00,0.00,0.00,14597178
2019-03-11,0.00,0.00,0.00,0.00,20212258
2019-03-12,0.00,0.00,0.00,0.00,20817165
2019-03-13,0.00,0.00,0.00,0.00,17366462
2019-03-14,0.00,0.00,0.00,0.00,12675418
2019-03-15,0.00,0.00,0.00,0.00,14469793
2019-03-16,0.00,0.00,0.00,0.00,17262660
2019-03-17,0.00,0.00,0.00,0.00,17683010
2019-03-18,0.00,0.00,0.00,0.00,21958793
2019-03-19,0.00,0.00,0.00,0.00,20549162
2019-03-20,0.00,0.00,0.00,0.00,17912276
2019-03-21,0.00,0.00,0.00,0.00,18961937
2019-03-22,0.00,0.00,0.00,0.00,17243548
2019-03-23,0.00,0.00,0.00,0.00,15724762
2019-03-24,0.00,0.00,0.00,0.00,16541721
2019-03-25,0.00,0.00,0.00,0.00,17555818
2019-03-26,0.00,0.00,0.00,0.00,19354498
2019-03-27,0.00,0.00,0.00,0.00,23194502
2019-03-28,0.00,0.00,0.00,0.00,20558761
2019-03-29,0.00,0.00,0.00,0.00,21582049
2019-03-30,0.00,0.00,0.00,0.00,19212788
2019-03-31,0.00,0.00,0.00,0.00,18785300
2019-04-01,0.00,0.00,0.00,0.00,49116894
2019-04-02,0.00,0.00,0.00,0.00,60298362
2019-04-03,0.00,0.00,0.00,0.00,89863287
2019-04-04,0.00,0.00,0.00,0.00,164634741
2019-04-05,0.00,0.00,0.00,0.00,63331136
2019-04-06,0.00,0.00,0.00,0.00,46343810
2019-04-07,0.00,0.00,0.00,0.00,50224984
2019-04-08,0.00,0.00,0.00,0.00,62195173
2019-04-09,0.00,0.00,0.00,0.00,53210703
2019-04-10,0.00,0.00,0.00,0.00,50718761
2019-04-11,0.00,0.00,0.00,0.00,45881209
2019-04-12,0.00,0.00,0.00,0.00,42878877
2019-04-13,0.00,0.00,0.00,0.00,34870866
2019-04-14,0.00,0.00,0.00,0.00,30693264
2019-04-15,0.00,0.00,0.00,0.00,36669437
2019-04-16,0.00,0.00,0.00,0.00,31946320
2019-04-17,0.00,0.00,0.00,0.00,32027922
2019-04-18,0.00,0.00,0.00,0.00,42590190
2019-04-19,0.00,0.00,0.00,0.00,36059338
2019-04-20,0.00,0.00,0.00,0.00,35542377
2019-04-21,0.00,0.00,0.00,0.00,37077986
2019-04-22,0.00,0.00,0.00,0.00,36334621
2019-04-23,0.00,0.00,0.00,0.00,37261547
2019-04-24,0.00,0.00,0.00,0.00,43229277
2019-04-25,0.00,0.00,0.00,0.00,33422071
2019-04-26,0.00,0.00,0.00,0.00,33070494
2019-04-27,0.00,0.00,0.00,0.00,27194224
2019-04-28,0.00,0.00,0.00,0.00,25600272
2019-04-29,0.00,0.00,0.00,0.00,32974056
2019-04-30,0.00,0.00,0.00,0.00,34753261
2019-05-01,0.00,0.00,0.00,0.00,30316782
2019-05-02,0.00,0.00,0.00,0.00,34506272
2019-05-03,0.00,0.00,0.00,0.00,40969776
2019-05-04,0.00,0.00,0.00,0.00,39814872
2019-05-05,0.00,0.00,0.00,0.00,33161934
2019-05-06,0.00,0.00,0.00,0.00,37020800
2019-05-07,0.00,0.00,0.00,0.00,38143865
2019-05-08,0.00,0.00,0.00,0.00,32200704
2019-05-09,0.00,0.00,0.00,0.00,30720237
2019-05-10,0.00,0.00,0.00,0.00,32480633
2019-05-11,0.00,0.00,0.00,0.00,48521874
2019-05-12,0.00,0.00,0.00,0.00,44577097
2019-05-13,0.00,0.00,0.00,0.00,47011255
2019-05-14,0.00,0.00,0.00,0.00,58434920
2019-05-15,0.00,0.00,0.00,0.00,57673254
2019-05-16,0.00,0.00,0.00,0.00,68128483
2019-05-17,0.00,0.00,0.00,0.00,66495399
2019-05-18,0.00,0.00,0.00,0.00,54849676
2019-05-19,0.00,0.00,0.00,0.00,63883932
2019-05-20,0.00,0.00,0.00,0.00,56440462
2019-05-21,0.00,0.00,0.00,0.00,54845691
2019-05-22,0.00,0.00,0.00,0.00,60016531
2019-05-23,0.00,0.00,0.00,0.00,55428477
2019-05-24,0.00,0.00,0.00,0.00,61767497
2019-05-25,0.00,0.00,0.00,0.00,58214409
2019-05-26,0.00,0.00,0.00,0.00,68909916
2019-05-27,0.00,0.00,0.00,0.00,76858482
2019-05-28,0.00,0.00,0.00,0.00,67850692
2019-05-29,0.00,0.00,0.00,0.00,74244761
2019-05-30,0.00,0.00,0.00,0.00,97252491
2019-05-31,0.00,0.00,0.00,0.00,85204091
2019-06-01,0.00,0.00,0.00,0.00,85093279
2019-06-02,0.00,0.00,0.00,0.00,74315769
2019-06-03,0.00,0.00,0.00,0.00,76817043
2019-06-04,0.00,0.00,0.00,0.00,77725735
2019-06-05,0.00,0.00,0.00,0.00,72561329
2019-06-06,0.00,0.00,0.00,0.00,71608123
2019-06-07,0.00,0.00,0.00,0.00,71288069
2019-06-08,0.00,0.00,0.00,0.00,69699426
2019-06-09,0.00,0.00,0.00,0.00,69438950
2019-06-10,0.00,0.00,0.00,0.00,69822843
2019-06-11,0.00,0.00,0.00,0.00,65070888
2019-06-12,0.00,0.00,0.00,0.00,69543166
2019-06-13,0.00,0.00,0.00,0.00,66973694
2019-06-14,0.00,0.00,0.00,0.00,59252853
2019-06-15,0.00,0.00,0.00,0.00,63436423
2019-06-16,0.00,0.00,0.00,0.00,68789112
2019-06-17,0.00,0.00,0.00,0.00,60386666
2019-06-18,0.00,0.00,0.00,0.00,54908991
2019-06-19,0.00,0.00,0.00,0.00,35562598
2019-06-20,0.00,0.00,0.00,0.00,36102126
2019-06-21,0.00,0.00,0.00,0.00,42423841
2019-06-22,0.00,0.00,0.00,0.00,57373528
2019-06-23,0.00,0.00,0.00,0.00,44229340
2019-06-24,0.00,0.00,0.00,0.00,42747865
2019-06-25,0.00,0.00,0.00,0.00,41001826
2019-06-26,0.00,0.00,0.00,0.00,64528905
2019-06-27,0.00,0.00,0.00,0.00,76165577
2019-06-28,0.00,0.00,0.00,0.00,65310778
2019-06-29,0.00,0.00,0.00,0.00,46594481
2019-06-30,0.00,0.00,0.00,0.00,43549174
2019-07-01,0.00,0.00,0.00,0.00,42771993
2019-07-02,0.00,0.00,0.00,0.00,41581109
2019-07-03,0.00,0.00,0.00,0.00,37586127
2019-07-04,0.00,0.00,0.00,0.00,36433330
2019-07-05,0.00,0.00,0.00,0.00,187924151
2019-07-06,0.00,0.00,0.00,0.00,65031784
2019-07-07,0.00,0.00,0.00,0.00,44379649
2019-07-08,0.00,0.00,0.00,0.00,41682712
2019-07-09,0.00,0.00,0.00,0.00,42613827
2019-07-10,0.00,0.00,0.00,0.00,49078577
2019-07-11,0.00,0.00,0.00,0.00,43609123
2019-07-12,0.00,0.00,0.00,0.00,35428239
2019-07-13,0.00,0.00,0.00,0.00,27243201
2019-07-14,0.00,0.00,0.00,0.00,36339861
2019-07-15,0.00,0.00,0.00,0.00,43028086
2019-07-16,0.00,0.00,0.00,0.00,40980833
2019-07-17,0.00,0.00,0.00,0.00,41838001
2019-07-18,0.00,0.00,0.00,0.00,40218356
2019-07-19,0.00,0.00,0.00,0.00,20956541
2019-07-20,0.00,0.00,0.00,0.00,23424227
2019-07-21,0.00,0.00,0.00,0.00,18349874
2019-07-22,0.00,0.00,0.00,0.00,19174676
2019-07-23,0.00,0.00,0.00,0.00,21006916
2019-07-24,0.00,0.00,0.00,0.00,23840681
2019-07-25,0.00,0.00,0.00,0.00,20653975
2019-07-26,0.00,0.00,0.00,0.00,19438979
2019-07-27,0.00,0.00,0.00,0.00,20901185
2019-07-28,0.00,0.00,0.00,0.00,19878103
2019-07-29,0.00,0.00,0.00,0.00,19054200
2019-07-30,0.00,0.00,0.00,0.00,16899416
2019-07-31,0.00,0.00,0.00,0.00,21310977
2019-08-01,0.00,0.00,0.00,0.00,20206543
2019-08-02,0.00,0.00,0.00,0.00,18550954
2019-08-03,0.00,0.00,0.00,0.00,15813943
2019-08-04,0.00,0.00,0.00,0.00,19238655
2019-08-05,0.00,0.00,0.00,0.00,31037239
2019-08-06,0.00,0.00,0.00,0.00,19786133
2019-08-07,0.00,0.00,0.00,0.00,26551305
2019-08-08,0.00,0.00,0.00,0.00,16993741
2019-08-09,0.00,0.00,0.00,0.00,21528298
2019-08-10,0.00,0.00,0.00,0.00,17920883
2019-08-11,0.00,0.00,0.00,0.00,16229246
2019-08-12,0.00,0.00,0.00,0.00,21554919
2019-08-13,0.00,0.00,0.00,0.00,27308535
2019-08-14,0.00,0.00,0.00,0.00,34384340
2019-08-15,0.00,0.00,0.00,0.00,32124644
2019-08-16,0.00,0.00,0.00,0.00,19795789
2019-08-17,0.00,0.00,0.00,0.00,18747565
2019-08-18,0.00,0.00,0.00,0.00,20832602
2019-08-19,0.00,0.00,0.00,0.00,20301072
2019-08-20,0.00,0.00,0.00,0.00,19682454
2019-08-21,0.00,0.00,0.00,0.00,21056919
2019-08-22,0.00,0.00,0.00,0.00,21813055
2019-08-23,0.00,0.00,0.00,0.00,21615807
2019-08-24,0.00,0.00,0.00,0.00,22299027
2019-08-25,0.00,0.00,0.00,0.00,22727727
2019-08-26,0.00,0.00,0.00,0.00,22974750
2019-08-27,0.00,0.00,0.00,0.00,21250034
2019-08-28,0.00,0.00,0.00,0.00,23602879
2019-08-29,0.00,0.00,0.00,0.00,28641509
2019-08-30,0.00,0.00,0.00,0.00,23809187
2019-08-31,0.00,0.00,0.00,0.00,23927277
2019-09-01,0.00,0.00,0.00,0.00,22742519
2019-09-02,0.00,0.00,0.00,0.00,25999239
2019-09-03,0.00,0.00,0.00,0.00,40548612
2019-09-04,0.00,0.00,0.00,0.00,27623103
2019-09-05,0.00,0.00,0.00,0.00,32285101
2019-09-06,0.00,0.00,0.00,0.00,29577777
2019-09-07,0.00,0.00,0.00,0.00,34744018
2019-09-08,0.00,0.00,0.00,0.00,31506514
2019-09-09,0.00,0.00,0.00,0.00,34582212
2019-09-10,0.00,0.00,0.00,0.00,29851957
2019-09-11,0.00,0.00,0.00,0.00,30308813
2019-09-12,0.00,0.00,0.00,0.00,38515673
2019-09-13,0.00,0.00,0.00,0.00,34172204
2019-09-14,0.00,0.00,0.00,0.00,36253840
2019-09-15,0.00,0.00,0.00,0.00,35862686
2019-09-16,0.00,0.00,0.00,0.00,31115288
2019-09-17,0.00,0.00,0.00,0.00,38934662
2019-09-18,0.00,0.00,0.00,0.00,45526972
2019-09-19,0.00,0.00,0.00,0.00,46463665
2019-09-20,0.00,0.00,0.00,0.00,45337416
2019-09-21,0.00,0.00,0.00,0.00,47801585
2019-09-22,0.00,0.00,0.00,0.00,37997883
2019-09-23,0.00,0.00,0.00,0.00,35603401
2019-09-24,0.00,0.00,0.00,0.00,56048353
2019-09-25,0.00,0.00,0.00,0.00,58992978
2019-09-26,0.00,0.00,0.00,0.00,46965571
2019-09-27,0.00,0.00,0.00,0.00,47659680
2019-09-28,0.00,0.00,0.00,0.00,36239557
2019-09-29,0.00,0.00,0.00,0.00,41861530
2019-09-30,0.00,0.00,0.00,0.00,56920760
2019-10-01,0.00,0.00,0.00,0.00,40563787
2019-10-02,0.00,0.00,0.00,0.00,42121830
2019-10-03,0.00,0.00,0.00,0.00,36788344
2019-10-04,0.00,0.00,0.00,0.00,42842902
2019-10-05,0.00,0.00,0.00,0.00,39360096
2019-10-06,0.00,0.00,0.00,0.00,40093923
2019-10-07,0.00,0.00,0.00,0.00,48117979
2019-10-08,0.00,0.00,0.00,0.00,49622640
2019-10-09,0.00,0.00,0.00,0.00,39868870
2019-10-10,0.00,0.00,0.00,0.00,49414270
2019-10-11,0.00,0.00,0.00,0.00,40769657
2019-10-12,0.00,0.00,0.00,0.00,45487600
2019-10-13,0.00,0.00,0.00,0.00,63249479
2019-10-14,0.00,0.00,0.00,0.00,62460324
2019-10-15,0.00,0.00,0.00,0.00,50979959
2019-10-16,0.00,0.00,0.00,0.00,50405533
2019-10-17,0.00,0.00,0.00,0.00,69269500
2019-10-18,0.00,0.00,0.00,0.00,60909633
2019-10-19,0.00,0.00,0.00,0.00,69804524
2019-10-20,0.00,0.00,0.00,0.00,73744712
2019-10-21,0.00,0.00,0.00,0.00,82888436
2019-10-22,0.00,0.00,0.00,0.00,75521553
2019-10-23,0.00,0.00,0.00,0.00,79141247
2019-10-24,0.00,0.00,0.00,0.00,81190106
2019-10-25,0.00,0.00,0.00,0.00,98533278
2019-10-26,0.00,0.00,0.00,0.00,118574429
2019-10-27,0.00,0.00,0.00,0.00,99551356
2019-10-28,0.00,0.00,0.00,0.00,92231650
2019-10-29,0.00,0.00,0.00,0.00,84394749
2019-10-30,0.00,0.00,0.00,0.00,88132224
2019-10-31,0.00,0.00,0.00,0.00,72101942
2019-11-01,0.00,0.00,0.00,0.00,78282711
2019-11-02,0.00,0.00,0.00,0.00,63232423
2019-11-03,0.00,0.00,0.00,0.00,57894711
2019-11-04,0.00,0.00,0.00,0.00,64040500
2019-11-05,0.00,0.00,0.00,0.00,78458702
2019-11-06,0.00,0.00,0.00,0.00,88212203
2019-11-07,0.00,0.00,0.00,0.00,97141368
2019-11-08,0.00,0.00,0.00,0.00,88039087
2019-11-09,0.00,0.00,0.00,0.00,93120071
2019-11-10,0.00,0.00,0.00,0.00,96734959
2019-11-11,0.00,0.00,0.00,0.00,84608148
2019-11-12,0.00,0.00,0.00,0.00,72506822
2019-11-13,0.00,0.00,0.00,0.00,80974477
2019-11-14,0.00,0.00,0.00,0.00,77359949
2019-11-15,0.00,0.00,0.00,0.00,78888251
2019-11-16,0.00,0.00,0.00,0.00,71531457
2019-11-17,0.00,0.00,0.00,0.00,74498787
2019-11-18,0.00,0.00,0.00,0.00,72521449
2019-11-19,0.00,0.00,0.00,0.00,85557575
2019-11-20,0.00,0.00,0.00,0.00,77286260
2019-11-21,0.00,0.00,0.00,0.00,95999426
2019-11-22,0.00,0.00,0.00,0.00,109619351
2019-11-23,0.00,0.00,0.00,0.00,112247814
2019-11-24,0.00,0.00,0.00,0.00,101469803
2019-11-25,0.00,0.00,0.00,0.00,129591062
2019-11-26,0.00,0.00,0.00,0.00,100273990
2019-11-27,0.00,0.00,0.00,0.00,100345294
2019-11-28,0.00,0.00,0.00,0.00,97959428
2019-11-29,0.00,0.00,0.00,0.00,97859845
2019-11-30,0.00,0.00,0.00,0.00,89565611
2019-12-01,0.00,0.00,0.00,0.00,77007809
2019-12-02,0.00,0.00,0.00,0.00,66782510
2019-12-03,0.00,0.00,0.00,0.00,62508732
2019-12-04,0.00,0.00,0.00,0.00,73151442
2019-12-05,0.00,0.00,0.00,0.00,66757792
2019-12-06,0.00,0.00,0.00,0.00,66932958
2019-12-07,0.00,0.00,0.00,0.00,62933099
2019-12-08,0.00,0.00,0.00,0.00,55442239
2019-12-09,0.00,0.00,0.00,0.00,62696753
2019-12-10,0.00,0.00,0.00,0.00,69802464
2019-12-11,0.00,0.00,0.00,0.00,64108062
2019-12-12,0.00,0.00,0.00,0.00,66238690
2019-12-13,0.00,0.00,0.00,0.00,65851726
2019-12-14,0.00,0.00,0.00,0.00,71849717
2019-12-15,0.00,0.00,0.00,0.00,66491990
2019-12-16,0.00,0.00,0.00,0.00,68370095
2019-12-17,0.00,0.00,0.00,0.00,85349928
2019-12-18,0.00,0.00,0.00,0.00,98147109
2019-12-19,0.00,0.00,0.00,0.00,79064574
2019-12-20,0.00,0.00,0.00,0.00,67083802
2019-12-21,0.00,0.00,0.00,0.00,66682998
2019-12-22,0.00,0.00,0.00,0.00,70976748
2019-12-23,0.00,0.00,0.00,0.00,77708509
2019-12-24,0.00,0.00,0.00,0.00,71860410
2019-12-25,0.00,0.00,0.00,0.00,79207264
2019-12-26,0.00,0.00,0.00,0.00,71906467
2019-12-27,0.00,0.00,0.00,0.00,75486740
2019-12-28,0.00,0.00,0.00,0.00,64539193
2019-12-29,0.00,0.00,0.00,0.00,67109832
2019-12-30,0.00,0.00,0.00,0.00,73171188
2019-12-31,0.00,0.00,0.00,0.00,69469785
2020-01-01,0.00,0.00,0.00,0.00,51180941
2020-01-02,0.00,0.00,0.00,0.00,65071106
2020-01-03,0.00,0.00,0.00,0.00,62619988
2020-01-04,0.00,0.00,0.00,0.00,94227582
2020-01-05,0.00,0.00,0.00,0.00,52631740
2020-01-06,0.00,0.00,0.00,0.00,54562409
2020-01-07,0.00,0.00,0.00,0.00,52767343
2020-01-08,0.00,0.00,0.00,0.00,77251526
2020-01-09,0.00,0.00,0.00,0.00,70690571
2020-01-10,0.00,0.00,0.00,0.00,87683356
2020-01-11,0.00,0.00,0.00,0.00,94203409
2020-01-12,0.00,0.00,0.00,0.00,79426215
2020-01-13,0.00,0.00,0.00,0.00,83849846
2020-01-14,0.00,0.00,0.00,0.00,128635383
2020-01-15,0.00,0.00,0.00,0.00,128940321
2020-01-16,0.00,0.00,0.00,0.00,98124199
2020-01-17,0.00,0.00,0.00,0.00,117752841
2020-01-18,0.00,0.00,0.00,0.00,108133943
2020-01-19,0.00,0.00,0.00,0.00,108085147
2020-01-20,0.00,0.00,0.00,0.00,92022277
2020-01-21,0.00,0.00,0.00,0.00,84321565
2020-01-22,0.00,0.00,0.00,0.00,82852580
2020-01-23,0.00,0.00,0.00,0.00,91866620
2020-01-24,0.00,0.00,0.00,0.00,86865882
2020-01-25,0.00,0.00,0.00,0.00,82421399
2020-01-26,0.00,0.00,0.00,0.00,73458474
2020-01-27,0.00,0.00,0.00,0.00,89023414
2020-01-28,0.00,0.00,0.00,0.00,91528771
2020-01-29,0.00,0.00,0.00,0.00,80676219
2020-01-30,0.00,0.00,0.00,0.00,83967914
2020-01-31,0.00,0.00,0.00,0.00,76519295
2020-02-01,0.00,0.00,0.00,0.00,78730830
2020-02-02,0.00,0.00,0.00,0.00,91552515
2020-02-03,0.00,0.00,0.00,0.00,78856631
2020-02-04,0.00,0.00,0.00,0.00,89790002
2020-02-05,0.00,0.00,0.00,0.00,105741619
2020-02-06,0.00,0.00,0.00,0.00,108711614
2020-02-07,0.00,0.00,0.00,0.00,130273878
2020-02-08,0.00,0.00,0.00,0.00,203803814
2020-02-09,0.00,0.00,0.00,0.00,218861527
2020-02-10,0.00,0.00,0.00,0.00,195582003
2020-02-11,0.00,0.00,0.00,0.00,169747135
2020-02-12,0.00,0.00,0.00,0.00,181406960
2020-02-13,0.00,0.00,0.00,0.00,168543942
2020-02-14,0.00,0.00,0.00,0.00,140849233
2020-02-15,0.00,0.00,0.00,0.00,144726029
2020-02-16,0.00,0.00,0.00,0.00,149831933
2020-02-17,0.00,0.00,0.00,0.00,149622002
2020-02-18,0.00,0.00,0.00,0.00,144188844
2020-02-19,0.00,0.00,0.00,0.00,136889052
2020-02-20,0.00,0.00,0.00,0.00,187866681
2020-02-21,0.00,0.00,0.00,0.00,157652567
2020-02-22,0.00,0.00,0.00,0.00,156145895
2020-02-23,0.00,0.00,0.00,0.00,180747902
2020-02-24,0.00,0.00,0.00,0.00,159143744
2020-02-25,0.00,0.00,0.00,0.00,178541404
2020-02-26,0.00,0.00,0.00,0.00,201370789
2020-02-27,0.00,0.00,0.00,0.00,162813946
2020-02-28,0.00,0.00,0.00,0.00,153544453
2020-02-29,0.00,0.00,0.00,0.00,146635830
2020-03-01,0.00,0.00,0.00,0.00,162437207
2020-03-02,0.00,0.00,0.00,0.00,165788612
2020-03-03,0.00,0.00,0.00,0.00,174988479
2020-03-04,0.00,0.00,0.00,0.00,144601436
2020-03-05,0.00,0.00,0.00,0.00,104912777
2020-03-06,0.00,0.00,0.00,0.00,100268192
2020-03-07,0.00,0.00,0.00,0.00,88138038
2020-03-08,0.00,0.00,0.00,0.00,101738284
2020-03-09,0.00,0.00,0.00,0.00,137033008
2020-03-10,0.00,0.00,0.00,0.00,115431584
2020-03-11,0.00,0.00,0.00,0.00,107425626
2020-03-12,0.00,0.00,0.00,0.00,167892774
2020-03-13,0.00,0.00,0.00,0.00,218676976
2020-03-14,0.00,0.00,0.00,0.00,113389101
2020-03-15,0.00,0.00,0.00,0.00,119811060
2020-03-16,0.00,0.00,0.00,0.00,134329668
2020-03-17,0.00,0.00,0.00,0.00,102697604
2020-03-18,0.00,0.00,0.00,0.00,102196814
2020-03-19,0.00,0.00,0.00,0.00,251888350
2020-03-20,0.00,0.00,0.00,0.00,188170528
2020-03-21,0.00,0.00,0.00,0.00,166141811
2020-03-22,0.00,0.00,0.00,0.00,161287088
2020-03-23,0.00,0.00,0.00,0.00,166551897
2020-03-24,0.00,0.00,0.00,0.00,177134005
2020-03-25,0.00,0.00,0.00,0.00,163367839
2020-03-26,0.00,0.00,0.00,0.00,162455890
2020-03-27,0.00,0.00,0.00,0.00,166326062
2020-03-28,0.00,0.00,0.00,0.00,169979142
2020-03-29,0.00,0.00,0.00,0.00,156619235
2020-03-30,0.00,0.00,0.00,0.00,163244392
2020-03-31,0.00,0.00,0.00,0.00,156195510
2020-04-01,0.00,0.00,0.00,0.00,163418627
2020-04-02,0.00,0.00,0.00,0.00,165879605
2020-04-03,0.00,0.00,0.00,0.00,161121845
2020-04-04,0.00,0.00,0.00,0.00,160849686
2020-04-05,0.00,0.00,0.00,0.00,152557918
2020-04-06,0.00,0.00,0.00,0.00,173173223
2020-04-07,0.00,0.00,0.00,0.00,129399793
2020-04-08,0.00,0.00,0.00,0.00,116283369
2020-04-09,0.00,0.00,0.00,0.00,109954538
2020-04-10,0.00,0.00,0.00,0.00,122108790
2020-04-11,0.00,0.00,0.00,0.00,161367396
2020-04-12,0.00,0.00,0.00,0.00,169892709
2020-04-13,0.00,0.00,0.00,0.00,167357650
2020-04-14,0.00,0.00,0.00,0.00,188937615
2020-04-15,0.00,0.00,0.00,0.00,169903672
2020-04-16,0.00,0.00,0.00,0.00,179859738
2020-04-17,0.00,0.00,0.00,0.00,161550208
2020-04-18,0.00,0.00,0.00,0.00,168186509
2020-04-19,0.00,0.00,0.00,0.00,172576560
2020-04-20,0.00,0.00,0.00,0.00,169715146
2020-04-21,0.00,0.00,0.00,0.00,163652750
2020-04-22,0.00,0.00,0.00,0.00,163753943
2020-04-23,0.00,0.00,0.00,0.00,179000350
2020-04-24,0.00,0.00,0.00,0.00,209562151
2020-04-25,0.00,0.00,0.00,0.00,229810398
2020-04-26,0.00,0.00,0.00,0.00,287859775
2020-04-27,0.00,0.00,0.00,0.00,276033020
2020-04-28,0.00,0.00,0.00,0.00,254905520
2020-04-29,0.00,0.00,0.00,0.00,295698249
2020-04-30,0.00,0.00,0.00,0.00,298563815
2020-05-01,0.00,0.00,0.00,0.00,282886977
2020-05-02,0.00,0.00,0.00,0.00,269155283
2020-05-03,0.00,0.00,0.00,0.00,265156925
2020-05-04,0.00,0.00,0.00,0.00,261454253
2020-05-05,0.00,0.00,0.00,0.00,245861118
2020-05-06,0.00,0.00,0.00,0.00,251393346
2020-05-07,0.00,0.00,0.00,0.00,284491226
2020-05-08,0.00,0.00,0.00,0.00,291757355
2020-05-09,0.00,0.00,0.00,0.00,294993696
2020-05-10,0.00,0.00,0.00,0.00,290801097
2020-05-11,0.00,0.00,0.00,0.00,277646033
2020-05-12,0.00,0.00,0.00,0.00,262934538
2020-05-13,0.00,0.00,0.00,0.00,265878080
2020-05-14,0.00,0.00,0.00,0.00,283778649
2020-05-15,0.00,0.00,0.00,0.00,261080156
2020-05-16,0.00,0.00,0.00,0.00,254666485
2020-05-17,0.00,0.00,0.00,0.00,258469067
2020-05-18,0.00,0.00,0.00,0.00,265626959
2020-05-19,0.00,0.00,0.00,0.00,182890489
2020-05-20,0.00,0.00,0.00,0.00,178925411
2020-05-21,0.00,0.00,0.00,0.00,200924557
2020-05-22,0.00,0.00,0.00,0.00,215355485
2020-05-23,0.00,0.00,0.00,0.00,208878705
2020-05-24,0.00,0.00,0.00,0.00,186657328
2020-05-25,0.00,0.00,0.00,0.00,214669452
2020-05-26,0.00,0.00,0.00,0.00,185485979
2020-05-27,0.00,0.00,0.00,0.00,186186772
2020-05-28,0.00,0.00,0.00,0.00,220213442
2020-05-29,0.00,0.00,0.00,0.00,200485433
2020-05-30,0.00,0.00,0.00,0.00,200708874
2020-05-31,0.00,0.00,0.00,0.00,188184731
2020-06-01,0.00,0.00,0.00,0.00,195748335
2020-06-02,0.00,0.00,0.00,0.00,200119264
2020-06-03,0.00,0.00,0.00,0.00,190021630
2020-06-04,0.00,0.00,0.00,0.00,194078582
2020-06-05,0.00,0.00,0.00,0.00,188846627
2020-06-06,0.00,0.00,0.00,0.00,175988365
2020-06-07,0.00,0.00,0.00,0.00,188151455
2020-06-08,0.00,0.00,0.00,0.00,187140783
2020-06-09,0.00,0.00,0.00,0.00,175910197
2020-06-10,0.00,0.00,0.00,0.00,182748021
2020-06-11,0.00,0.00,0.00,0.00,183212798
2020-06-12,0.00,0.00,0.00,0.00,194920048
2020-06-13,0.00,0.00,0.00,0.00,188981850
2020-06-14,0.00,0.00,0.00,0.00,173334481
2020-06-15,0.00,0.00,0.00,0.00,198803041
2020-06-16,0.00,0.00,0.00,0.00,196212619
2020-06-17,0.00,0.00,0.00,0.00,185083517
2020-06-18,0.00,0.00,0.00,0.00,171388606
2020-06-19,0.00,0.00,0.00,0.00,173280984
2020-06-20,0.00,0.00,0.00,0.00,158275082
2020-06-21,0.00,0.00,0.00,0.00,169917761
2020-06-22,0.00,0.00,0.00,0.00,173530825
2020-06-23,0.00,0.00,0.00,0.00,171604774
2020-06-24,0.00,0.00,0.00,0.00,178380748
2020-06-25,0.00,0.00,0.00,0.00,160003354
2020-06-26,0.00,0.00,0.00,0.00,151319087
2020-06-27,0.00,0.00,0.00,0.00,152534000
2020-06-28,0.00,0.00,0.00,0.00,172693834
2020-06-29,0.00,0.00,0.00,0.00,172655788
2020-06-30,0.00,0.00,0.00,0.00,165641131
2020-07-01,0.00,0.00,0.00,0.00,152549214
2020-07-02,0.00,0.00,0.00,0.00,110789127
2020-07-03,0.00,0.00,0.00,0.00,111575143
2020-07-04,0.00,0.00,0.00,0.00,109218071
2020-07-05,0.00,0.00,0.00,0.00,110140542
2020-07-06,0.00,0.00,0.00,0.00,132105139
2020-07-07,0.00,0.00,0.00,0.00,283970310
2020-07-08,0.00,0.01,0.00,0.00,1226813925
2020-07-09,0.00,0.01,0.00,0.00,511315527
2020-07-10,0.00,0.00,0.00,0.00,225424869
2020-07-11,0.00,0.00,0.00,0.00,155299369
2020-07-12,0.00,0.00,0.00,0.00,87562043
2020-07-13,0.00,0.00,0.00,0.00,143177055
2020-07-14,0.00,0.00,0.00,0.00,103213409
2020-07-15,0.00,0.00,0.00,0.00,69399827
2020-07-16,0.00,0.00,0.00,0.00,78457844
2020-07-17,0.00,0.00,0.00,0.00,74705371
2020-07-18,0.00,0.00,0.00,0.00,204080851
2020-07-19,0.00,0.00,0.00,0.00,116746163
2020-07-20,0.00,0.00,0.00,0.00,81038624
2020-07-21,0.00,0.00,0.00,0.00,77748189
2020-07-22,0.00,0.00,0.00,0.00,54443238
2020-07-23,0.00,0.00,0.00,0.00,58737115
2020-07-24,0.00,0.00,0.00,0.00,58910215
2020-07-25,0.00,0.00,0.00,0.00,63203396
2020-07-26,0.00,0.00,0.00,0.00,62592233
2020-07-27,0.00,0.00,0.00,0.00,83138808
2020-07-28,0.00,0.00,0.00,0.00,63084930
2020-07-29,0.00,0.00,0.00,0.00,55817191
2020-07-30,0.00,0.00,0.00,0.00,53506822
2020-07-31,0.00,0.00,0.00,0.00,54497306
2020-08-01,0.00,0.00,0.00,0.00,150687884
2020-08-02,0.00,0.00,0.00,0.00,101249531
2020-08-03,0.00,0.00,0.00,0.00,66931510
2020-08-04,0.00,0.00,0.00,0.00,74386428
2020-08-05,0.00,0.00,0.00,0.00,66465690
2020-08-06,0.00,0.00,0.00,0.00,62944678
2020-08-07,0.00,0.00,0.00,0.00,68990009
2020-08-08,0.00,0.00,0.00,0.00,62509900
2020-08-09,0.00,0.00,0.00,0.00,57020040
2020-08-10,0.00,0.00,0.00,0.00,68038181
2020-08-11,0.00,0.00,0.00,0.00,78539442
2020-08-12,0.00,0.00,0.00,0.00,70865885
2020-08-13,0.00,0.00,0.00,0.00,73302994
2020-08-14,0.00,0.00,0.00,0.00,61334640
2020-08-15,0.00,0.00,0.00,0.00,64309678
2020-08-16,0.00,0.00,0.00,0.00,52637926
2020-08-17,0.00,0.00,0.00,0.00,77628715
2020-08-18,0.00,0.00,0.00,0.00,62570291
2020-08-19,0.00,0.00,0.00,0.00,53306857
2020-08-20,0.00,0.00,0.00,0.00,43536656
2020-08-21,0.00,0.00,0.00,0.00,60621268
2020-08-22,0.00,0.00,0.00,0.00,44884852
2020-08-23,0.00,0.00,0.00,0.00,39485548
2020-08-24,0.00,0.00,0.00,0.00,46470522
2020-08-25,0.00,0.00,0.00,0.00,76826314
2020-08-26,0.00,0.00,0.00,0.00,80416711
2020-08-27,0.00,0.00,0.00,0.00,89847093
2020-08-28,0.00,0.00,0.00,0.00,64056957
2020-08-29,0.00,0.00,0.00,0.00,78149363
2020-08-30,0.00,0.00,0.00,0.00,79325829
2020-08-31,0.00,0.00,0.00,0.00,85369757
2020-09-01,0.00,0.00,0.00,0.00,81863764
2020-09-02,0.00,0.00,0.00,0.00,56647412
2020-09-03,0.00,0.00,0.00,0.00,59904548
2020-09-04,0.00,0.00,0.00,0.00,53434717
2020-09-05,0.00,0.00,0.00,0.00,62295889
2020-09-06,0.00,0.00,0.00,0.00,89557154
2020-09-07,0.00,0.00,0.00,0.00,102610335
2020-09-08,0.00,0.00,0.00,0.00,57144396
2020-09-09,0.00,0.00,0.00,0.00,77050464
2020-09-10,0.00,0.00,0.00,0.00,104276032
2020-09-11,0.00,0.00,0.00,0.00,134077501
2020-09-12,0.00,0.00,0.00,0.00,117125272
2020-09-13,0.00,0.00,0.00,0.00,124253232
2020-09-14,0.00,0.00,0.00,0.00,128520946
2020-09-15,0.00,0.00,0.00,0.00,100194174
2020-09-16,0.00,0.00,0.00,0.00,148555505
2020-09-17,0.00,0.00,0.00,0.00,161305349
2020-09-18,0.00,0.00,0.00,0.00,147868185
2020-09-19,0.00,0.00,0.00,0.00,147046520
2020-09-20,0.00,0.00,0.00,0.00,145951917
2020-09-21,0.00,0.00,0.00,0.00,78753428
2020-09-22,0.00,0.00,0.00,0.00,36467574
2020-09-23,0.00,0.00,0.00,0.00,79707709
2020-09-24,0.00,0.00,0.00,0.00,111915974
2020-09-25,0.00,0.00,0.00,0.00,124575712
2020-09-26,0.00,0.00,0.00,0.00,108180296
2020-09-27,0.00,0.00,0.00,0.00,76293172
2020-09-28,0.00,0.00,0.00,0.00,102662350
2020-09-29,0.00,0.00,0.00,0.00,109463113
2020-09-30,0.00,0.00,0.00,0.00,106684832
2020-10-01,0.00,0.00,0.00,0.00,116194992
2020-10-02,0.00,0.00,0.00,0.00,128239855
2020-10-03,0.00,0.00,0.00,0.00,116046378
2020-10-04,0.00,0.00,0.00,0.00,92364518
2020-10-05,0.00,0.00,0.00,0.00,127881032
2020-10-06,0.00,0.00,0.00,0.00,105669881
2020-10-07,0.00,0.00,0.00,0.00,125523508
2020-10-08,0.00,0.00,0.00,0.00,109356096
2020-10-09,0.00,0.00,0.00,0.00,100051523
2020-10-10,0.00,0.00,0.00,0.00,96632426
2020-10-11,0.00,0.00,0.00,0.00,107632465
2020-10-12,0.00,0.00,0.00,0.00,101246789
2020-10-13,0.00,0.00,0.00,0.00,76963142
2020-10-14,0.00,0.00,0.00,0.00,87293434
2020-10-15,0.00,0.00,0.00,0.00,83794207
2020-10-16,0.00,0.00,0.00,0.00,117882236
2020-10-17,0.00,0.00,0.00,0.00,125692391
2020-10-18,0.00,0.00,0.00,0.00,72298803
2020-10-19,0.00,0.00,0.00,0.00,91049562
2020-10-20,0.00,0.00,0.00,0.00,65577101
2020-10-21,0.00,0.00,0.00,0.00,45017115
2020-10-22,0.00,0.00,0.00,0.00,44976453
2020-10-23,0.00,0.00,0.00,0.00,46856082
2020-10-24,0.00,0.00,0.00,0.00,44797614
2020-10-25,0.00,0.00,0.00,0.00,58532388
2020-10-26,0.00,0.00,0.00,0.00,122152251
2020-10-27,0.00,0.00,0.00,0.00,78927089
2020-10-28,0.00,0.00,0.00,0.00,72848720
2020-10-29,0.00,0.00,0.00,0.00,58929515
2020-10-30,0.00,0.00,0.00,0.00,63444097
2020-10-31,0.00,0.00,0.00,0.00,56189318
2020-11-01,0.00,0.00,0.00,0.00,45528682
2020-11-02,0.00,0.00,0.00,0.00,50142376
2020-11-03,0.00,0.00,0.00,0.00,62871653
2020-11-04,0.00,0.00,0.00,0.00,52552651
2020-11-05,0.00,0.00,0.00,0.00,31611963
2020-11-06,0.00,0.00,0.00,0.00,54267546
2020-11-07,0.00,0.00,0.00,0.00,44610219
2020-11-08,0.00,0.00,0.00,0.00,22754531
2020-11-09,0.00,0.00,0.00,0.00,28124348
2020-11-10,0.00,0.00,0.00,0.00,39633173
2020-11-11,0.00,0.00,0.00,0.00,33138759
2020-11-12,0.00,0.00,0.00,0.00,24028261
2020-11-13,0.00,0.00,0.00,0.00,29217750
2020-11-14,0.00,0.00,0.00,0.00,30334380
2020-11-15,0.00,0.00,0.00,0.00,25131683
2020-11-16,0.00,0.00,0.00,0.00,52063283
2020-11-17,0.00,0.00,0.00,0.00,46631464
2020-11-18,0.00,0.00,0.00,0.00,49460064
2020-11-19,0.00,0.00,0.00,0.00,40330643
2020-11-20,0.00,0.00,0.00,0.00,57656465
2020-11-21,0.00,0.00,0.00,0.00,162641694
2020-11-22,0.00,0.00,0.00,0.00,121660410
2020-11-23,0.00,0.00,0.00,0.00,101561039
2020-11-24,0.00,0.00,0.00,0.00,266716036
2020-11-25,0.00,0.00,0.00,0.00,174459927
2020-11-26,0.00,0.00,0.00,0.00,175520294
2020-11-27,0.00,0.00,0.00,0.00,92323023
2020-11-28,0.00,0.00,0.00,0.00,58033650
2020-11-29,0.00,0.00,0.00,0.00,46319972
2020-11-30,0.00,0.00,0.00,0.00,68622736
2020-12-01,0.00,0.00,0.00,0.00,80163603
2020-12-02,0.00,0.00,0.00,0.00,58705661
2020-12-03,0.00,0.00,0.00,0.00,47907032
2020-12-04,0.00,0.00,0.00,0.00,45062222
2020-12-05,0.00,0.00,0.00,0.00,43386583
2020-12-06,0.00,0.00,0.00,0.00,40936574
2020-12-07,0.00,0.00,0.00,0.00,36923814
2020-12-08,0.00,0.00,0.00,0.00,52702701
2020-12-09,0.00,0.00,0.00,0.00,45746722
2020-12-10,0.00,0.00,0.00,0.00,33740988
2020-12-11,0.00,0.00,0.00,0.00,41712942
2020-12-12,0.00,0.00,0.00,0.00,35466155
2020-12-13,0.00,0.00,0.00,0.00,37464323
2020-12-14,0.00,0.00,0.00,0.00,36238516
2020-12-15,0.00,0.00,0.00,0.00,37127782
2020-12-16,0.00,0.00,0.00,0.00,50989880
2020-12-17,0.00,0.00,0.00,0.00,172736659
2020-12-18,0.00,0.00,0.00,0.00,101799430
2020-12-19,0.00,0.00,0.00,0.00,98447179
2020-12-20,0.00,0.00,0.00,0.00,508066004
2020-12-21,0.00,0.01,0.00,0.00,664160057
2020-12-22,0.00,0.00,0.00,0.00,239288785
2020-12-23,0.00,0.00,0.00,0.00,205080908
2020-12-24,0.00,0.00,0.00,0.00,143405580
2020-12-25,0.00,0.00,0.00,0.00,136819917
2020-12-26,0.00,0.00,0.00,0.00,151728507
2020-12-27,0.00,0.00,0.00,0.00,154526399
2020-12-28,0.00,0.00,0.00,0.00,99641525
2020-12-29,0.00,0.00,0.00,0.00,90876497
2020-12-30,0.00,0.00,0.00,0.00,94834499
2020-12-31,0.00,0.00,0.00,0.00,85498337
2021-01-01,0.00,0.01,0.00,0.01,228961515
2021-01-02,0.01,0.01,0.01,0.01,3421562680
2021-01-03,0.01,0.01,0.01,0.01,2707003608
2021-01-04,0.01,0.01,0.01,0.01,1372398979
2021-01-05,0.01,0.01,0.01,0.01,687256067
2021-01-06,0.01,0.01,0.01,0.01,749915516
2021-01-07,0.01,0.01,0.01,0.01,520644706
2021-01-08,0.01,0.01,0.01,0.01,394462164
2021-01-09,0.01,0.01,0.01,0.01,485842353
2021-01-10,0.01,0.01,0.01,0.01,458583519
2021-01-11,0.01,0.01,0.01,0.01,637956958
2021-01-12,0.01,0.01,0.01,0.01,333308457
2021-01-13,0.01,0.01,0.01,0.01,240079033
2021-01-14,0.01,0.01,0.01,0.01,428369039
2021-01-15,0.01,0.01,0.01,0.01,398965925
2021-01-16,0.01,0.01,0.01,0.01,258630480
2021-01-17,0.01,0.01,0.01,0.01,254487989
2021-01-18,0.01,0.01,0.01,0.01,205025648
2021-01-19,0.01,0.01,0.01,0.01,249242632
2021-01-20,0.01,0.01,0.01,0.01,220205442
2021-01-21,0.01,0.01,0.01,0.01,215419839
2021-01-22,0.01,0.01,0.01,0.01,185490003
2021-01-23,0.01,0.01,0.01,0.01,154393737
2021-01-24,0.01,0.01,0.01,0.01,162191977
2021-01-25,0.01,0.01,0.01,0.01,180820875
2021-01-26,0.01,0.01,0.01,0.01,161173749
2021-01-27,0.01,0.01,0.01,0.01,204797186
2021-01-28,0.01,0.03,0.01,0.03,10971544561
2021-01-29,0.04,0.08,0.03,0.05,25403310432
2021-01-30,0.05,0.05,0.02,0.03,8735576553
2021-01-31,0.03,0.05,0.03,0.04,8548997882
2021-02-01,0.04,0.04,0.03,0.03,6319224026
2021-02-02,0.03,0.03,0.03,0.03,3090896595
2021-02-03,0.03,0.04,0.03,0.04,3146856788
2021-02-04,0.04,0.06,0.04,0.05,13040837601
2021-02-05,0.05,0.05,0.04,0.05,6136160058
2021-02-06,0.05,0.06,0.04,0.06,5946101275
2021-02-07,0.06,0.08,0.05,0.08,14261024073
2021-02-08,0.08,0.08,0.06,0.08,12844375210
2021-02-09,0.08,0.08,0.07,0.07,7348840814
2021-02-10,0.07,0.08,0.07,0.07,6785088422
2021-02-11,0.07,0.07,0.07,0.07,3818556739
2021-02-12,0.07,0.07,0.06,0.07,4190843784
2021-02-13,0.07,0.07,0.07,0.07,2618049766
2021-02-14,0.07,0.07,0.06,0.06,3984667628
2021-02-15,0.06,0.06,0.05,0.06,4944804938
2021-02-16,0.06,0.06,0.05,0.05,3409478696
2021-02-17,0.05,0.05,0.05,0.05,2976148723
2021-02-18,0.05,0.06,0.05,0.06,4551943638
2021-02-19,0.06,0.06,0.05,0.06,2949251418
2021-02-20,0.06,0.06,0.05,0.05,3175468554
2021-02-21,0.05,0.06,0.05,0.06,2450293068
2021-02-22,0.06,0.06,0.05,0.05,3366757324
2021-02-23,0.05,0.05,0.04,0.05,2394345361
2021-02-24,0.05,0.06,0.05,0.06,4148511571
2021-02-25,0.06,0.06,0.05,0.05,2356982022
2021-02-26,0.05,0.05,0.05,0.05,1694323466
2021-02-27,0.05,0.05,0.05,0.05,1286229526
2021-02-28,0.05,0.05,0.05,0.05,1408101260
2021-03-01,0.05,0.05,0.05,0.05,1494427207
2021-03-02,0.05,0.05,0.05,0.05,1346282318
2021-03-03,0.05,0.05,0.05,0.05,1093877445
2021-03-04,0.05,0.05,0.05,0.05,1170617084
2021-03-05,0.05,0.05,0.05,0.05,1173113591
2021-03-06,0.05,0.05,0.05,0.05,1480482384
2021-03-07,0.05,0.05,0.05,0.05,945455832
2021-03-08,0.05,0.06,0.05,0.06,3554150800
2021-03-09,0.06,0.06,0.06,0.06,2466159943
2021-03-10,0.06,0.06,0.05,0.06,1534489620
2021-03-11,0.06,0.06,0.05,0.06,1233383425
2021-03-12,0.06,0.06,0.05,0.06,1287767221
2021-03-13,0.06,0.06,0.05,0.06,1869833076
2021-03-14,0.06,0.06,0.06,0.06,2752132530
2021-03-15,0.06,0.06,0.06,0.06,1738710876
2021-03-16,0.06,0.06,0.06,0.06,1393771913
2021-03-17,0.06,0.06,0.06,0.06,861926643
2021-03-18,0.06,0.06,0.05,0.06,909777445
2021-03-19,0.06,0.06,0.06,0.06,964747809
2021-03-20,0.06,0.06,0.06,0.06,1012934488
2021-03-21,0.06,0.06,0.06,0.06,759592996
2021-03-22,0.06,0.06,0.05,0.05,696918565
2021-03-23,0.05,0.06,0.05,0.05,1040781777
2021-03-24,0.05,0.06,0.05,0.05,934537959
2021-03-25,0.05,0.05,0.05,0.05,1084214116
2021-03-26,0.05,0.05,0.05,0.05,776280028
2021-03-27,0.05,0.06,0.05,0.05,753844053
2021-03-28,0.05,0.05,0.05,0.05,460472975
2021-03-29,0.05,0.05,0.05,0.05,537919140
2021-03-30,0.05,0.06,0.05,0.05,728906171
2021-03-31,0.05,0.05,0.05,0.05,653389282
2021-04-01,0.05,0.07,0.05,0.06,5816046822
2021-04-02,0.06,0.06,0.06,0.06,2166925111
2021-04-03,0.06,0.06,0.06,0.06,1136931403
2021-04-04,0.06,0.06,0.06,0.06,938035097
2021-04-05,0.06,0.06,0.06,0.06,1513832721
2021-04-06,0.06,0.07,0.06,0.06,2608613912
2021-04-07,0.06,0.07,0.06,0.06,2857060849
2021-04-08,0.06,0.06,0.06,0.06,1055257541
2021-04-09,0.06,0.06,0.06,0.06,1060465774
2021-04-10,0.06,0.07,0.06,0.06,1369793118
2021-04-11,0.06,0.08,0.06,0.07,6646627317
2021-04-12,0.07,0.07,0.07,0.07,2687720380
2021-04-13,0.07,0.10,0.07,0.09,7176815090
2021-04-14,0.09,0.14,0.09,0.12,20977679327
2021-04-15,0.12,0.19,0.12,0.18,17916620386
2021-04-16,0.18,0.44,0.18,0.37,69410680685
2021-04-17,0.37,0.37,0.24,0.28,31413404067
2021-04-18,0.29,0.35,0.25,0.32,23464350388
2021-04-19,0.32,0.43,0.31,0.41,30641432779
2021-04-20,0.41,0.42,0.27,0.32,28130646191
2021-04-21,0.32,0.35,0.30,0.31,12723463706
2021-04-22,0.31,0.31,0.26,0.26,11879823706
2021-04-23,0.26,0.27,0.16,0.25,16165566164
2021-04-24,0.25,0.29,0.23,0.27,11057578568
2021-04-25,0.27,0.29,0.23,0.25,6849914675
2021-04-26,0.25,0.28,0.25,0.27,5118886527
2021-04-27,0.27,0.28,0.26,0.27,3590611310
2021-04-28,0.27,0.34,0.26,0.32,14464343767
2021-04-29,0.32,0.32,0.30,0.31,5027354503
2021-04-30,0.30,0.34,0.30,0.34,5290390982
2021-05-01,0.34,0.40,0.33,0.39,10123343703
2021-05-02,0.39,0.40,0.36,0.38,8040406918
2021-05-03,0.37,0.45,0.37,0.44,10526649978
2021-05-04,0.44,0.61,0.40,0.54,38238126181
2021-05-05,0.54,0.70,0.52,0.66,42525098292
2021-05-06,0.65,0.66,0.55,0.58,18989900291
2021-05-07,0.58,0.73,0.52,0.68,28615083657
2021-05-08,0.69,0.74,0.61,0.64,25555125135
2021-05-09,0.64,0.70,0.43,0.57,46138063928
2021-05-10,0.57,0.57,0.42,0.45,16514521828
2021-05-11,0.45,0.55,0.45,0.50,14566975476
2021-05-12,0.49,0.52,0.39,0.39,8621337859
2021-05-13,0.39,0.52,0.36,0.49,18663174069
2021-05-14,0.49,0.59,0.46,0.56,20466177002
2021-05-15,0.56,0.56,0.49,0.51,9836892944
2021-05-16,0.51,0.55,0.45,0.51,9541552064
2021-05-17,0.51,0.52,0.46,0.49,7330830504
2021-05-18,0.49,0.52,0.47,0.48,4802902841
2021-05-19,0.48,0.68,0.22,0.33,15072620946
2021-05-20,0.33,0.43,0.30,0.40,12415484460
2021-05-21,0.40,0.41,0.31,0.36,7452862203
2021-05-22,0.36,0.36,0.32,0.34,5243222352
2021-05-23,0.34,0.35,0.25,0.31,7143545371
2021-05-24,0.31,0.37,0.30,0.37,6821088755
2021-05-25,0.37,0.38,0.32,0.35,5544552739
2021-05-26,0.35,0.37,0.34,0.35,3355793260
2021-05-27,0.35,0.35,0.33,0.33,2485942309
2021-05-28,0.33,0.35,0.30,0.31,3289455640
2021-05-29,0.31,0.32,0.28,0.30,2470710737
2021-05-30,0.30,0.31,0.29,0.30,1929947933
2021-05-31,0.30,0.33,0.29,0.33,2440829325
2021-06-01,0.33,0.38,0.31,0.37,5796031087
2021-06-02,0.37,0.44,0.35,0.42,11425588479
2021-06-03,0.42,0.44,0.38,0.40,6809900030
2021-06-04,0.40,0.40,0.35,0.38,5889983048
2021-06-05,0.38,0.39,0.36,0.37,3464039041
2021-06-06,0.37,0.38,0.37,0.37,1836611411
2021-06-07,0.37,0.38,0.33,0.33,3043974994
2021-06-08,0.33,0.34,0.30,0.33,3918487504
2021-06-09,0.33,0.35,0.31,0.34,3154332929
2021-06-10,0.34,0.34,0.32,0.33,2114010549
2021-06-11,0.33,0.33,0.31,0.32,1834446577
2021-06-12,0.32,0.32,0.30,0.31,1605633791
2021-06-13,0.31,0.33,0.31,0.32,1484851447
2021-06-14,0.32,0.34,0.32,0.33,1613812023
2021-06-15,0.33,0.33,0.32,0.33,1687965230
2021-06-16,0.32,0.32,0.31,0.31,1391720788
2021-06-17,0.31,0.31,0.30,0.31,1120766442
2021-06-18,0.31,0.31,0.28,0.29,1846213589
2021-06-19,0.29,0.30,0.29,0.29,1003248258
2021-06-20,0.29,0.29,0.26,0.28,1963503800
2021-06-21,0.28,0.28,0.17,0.18,5640232167
2021-06-22,0.18,0.22,0.16,0.19,5992850344
2021-06-23,0.19,0.25,0.18,0.23,5098674891
2021-06-24,0.23,0.27,0.22,0.26,3844648059
2021-06-25,0.26,0.29,0.23,0.24,5542163262
2021-06-26,0.24,0.26,0.23,0.24,2649457302
2021-06-27,0.25,0.27,0.24,0.26,2167521670
2021-06-28,0.26,0.27,0.25,0.26,1932994784
2021-06-29,0.26,0.27,0.25,0.26,2192562738
2021-06-30,0.26,0.26,0.24,0.25,2047763830
2021-07-01,0.25,0.26,0.24,0.24,2463946548
2021-07-02,0.24,0.25,0.24,0.25,1321470954
2021-07-03,0.25,0.25,0.24,0.25,917015819
2021-07-04,0.25,0.25,0.24,0.25,973511519
2021-07-05,0.25,0.25,0.23,0.23,1267949362
2021-07-06,0.23,0.24,0.23,0.23,1265920169
2021-07-07,0.23,0.24,0.22,0.22,1148903688
2021-07-08,0.22,0.22,0.20,0.21,1789637577
2021-07-09,0.21,0.23,0.20,0.22,3045790264
2021-07-10,0.22,0.23,0.21,0.21,1264519098
2021-07-11,0.21,0.22,0.21,0.22,719870047
2021-07-12,0.22,0.22,0.20,0.21,973602708
2021-07-13,0.21,0.21,0.20,0.20,1035890377
2021-07-14,0.20,0.20,0.19,0.20,1319171299
2021-07-15,0.20,0.20,0.18,0.18,1044558931
2021-07-16,0.19,0.19,0.17,0.17,1144730187
2021-07-17,0.17,0.20,0.17,0.19,2393120423
2021-07-18,0.19,0.20,0.18,0.18,1424484163
2021-07-19,0.18,0.18,0.17,0.17,1084816777
2021-07-20,0.17,0.18,0.16,0.17,1809479230
2021-07-21,0.17,0.21,0.17,0.19,4433688120
2021-07-22,0.19,0.20,0.19,0.19,1629442360
2021-07-23,0.19,0.20,0.18,0.19,1447257649
2021-07-24,0.19,0.20,0.19,0.20,1695867808
2021-07-25,0.20,0.20,0.19,0.20,1256116971
2021-07-26,0.20,0.23,0.20,0.20,4863225852
2021-07-27,0.20,0.21,0.20,0.21,2229903212
2021-07-28,0.21,0.21,0.20,0.21,2076707890
2021-07-29,0.21,0.21,0.20,0.20,1169322798
2021-07-30,0.21,0.21,0.20,0.21,1523981522
2021-07-31,0.21,0.21,0.20,0.21,1349212924
2021-08-01,0.21,0.22,0.20,0.20,1711494501
2021-08-02,0.20,0.21,0.20,0.20,1181469976
2021-08-03,0.20,0.21,0.19,0.20,1121632377
2021-08-04,0.20,0.20,0.19,0.20,1095300718
2021-08-05,0.20,0.20,0.19,0.20,1139204754
2021-08-06,0.20,0.21,0.20,0.20,1332579279
2021-08-07,0.20,0.26,0.20,0.26,6343062404
2021-08-08,0.26,0.28,0.24,0.24,6984782653
2021-08-09,0.24,0.27,0.23,0.26,4607903346
2021-08-10,0.26,0.26,0.25,0.26,3424415504
2021-08-11,0.26,0.28,0.26,0.27,4732068476
2021-08-12,0.26,0.29,0.25,0.26,5264857508
2021-08-13,0.26,0.29,0.26,0.29,3565092106
2021-08-14,0.29,0.30,0.28,0.29,4677579997
2021-08-15,0.29,0.35,0.29,0.34,8046171669
2021-08-16,0.34,0.35,0.31,0.32,6681324187
2021-08-17,0.32,0.34,0.30,0.30,5699700481
2021-08-18,0.30,0.32,0.28,0.30,6347995770
2021-08-19,0.30,0.32,0.29,0.32,3760495939
2021-08-20,0.32,0.33,0.31,0.33,3512291078
2021-08-21,0.33,0.33,0.32,0.32,2600396651
2021-08-22,0.32,0.32,0.31,0.31,2237836352
2021-08-23,0.31,0.33,0.31,0.32,2836628655
2021-08-24,0.32,0.32,0.28,0.29,3143768703
2021-08-25,0.29,0.30,0.28,0.29,2518743227
2021-08-26,0.29,0.30,0.27,0.27,2410285454
2021-08-27,0.27,0.29,0.27,0.29,2382150423
2021-08-28,0.29,0.30,0.28,0.29,1534807298
2021-08-29,0.29,0.29,0.28,0.28,1473623363
2021-08-30,0.28,0.29,0.27,0.27,1748987269
2021-08-31,0.27,0.29,0.27,0.28,1745967018
2021-09-01,0.28,0.29,0.27,0.29,1937809622
2021-09-02,0.29,0.31,0.29,0.30,2981069411
2021-09-03,0.29,0.30,0.29,0.30,2384046931
2021-09-04,0.30,0.31,0.29,0.30,2263193245
2021-09-05,0.30,0.32,0.30,0.31,2393033527
2021-09-06,0.31,0.32,0.30,0.31,2611846129
2021-09-07,0.31,0.31,0.22,0.25,5653327525
2021-09-08,0.25,0.26,0.23,0.26,3226346052
2021-09-09,0.25,0.26,0.25,0.25,1763183557
2021-09-10,0.25,0.26,0.24,0.24,1840815800
2021-09-11,0.24,0.25,0.24,0.24,1196337689
2021-09-12,0.24,0.25,0.24,0.25,1419288866
2021-09-13,0.25,0.25,0.23,0.24,1759116002
2021-09-14,0.24,0.24,0.23,0.24,967948743
2021-09-15,0.24,0.25,0.24,0.25,980188820
2021-09-16,0.25,0.25,0.23,0.24,1140048496
2021-09-17,0.24,0.26,0.24,0.24,2246768047
2021-09-18,0.24,0.25,0.24,0.24,999151515
2021-09-19,0.24,0.24,0.23,0.23,892763953
2021-09-20,0.23,0.23,0.20,0.21,2244003542
2021-09-21,0.21,0.22,0.20,0.20,1766963639
2021-09-22,0.20,0.23,0.20,0.22,2016471206
2021-09-23,0.22,0.23,0.22,0.22,1169581249
2021-09-24,0.22,0.23,0.20,0.21,1883155313
2021-09-25,0.21,0.21,0.20,0.21,1067132277
2021-09-26,0.21,0.21,0.19,0.20,1147321467
2021-09-27,0.21,0.21,0.20,0.20,838297166
2021-09-28,0.20,0.20,0.20,0.20,866301240
2021-09-29,0.20,0.20,0.20,0.20,926737135
2021-09-30,0.20,0.21,0.20,0.20,916819792
2021-10-01,0.20,0.22,0.20,0.22,1435469263
2021-10-02,0.22,0.22,0.22,0.22,1166058975
2021-10-03,0.22,0.23,0.22,0.22,1070267896
2021-10-04,0.22,0.25,0.21,0.24,3684051106
2021-10-05,0.24,0.27,0.23,0.25,4628329381
2021-10-06,0.25,0.27,0.24,0.26,4659725421
2021-10-07,0.25,0.26,0.24,0.24,2936116763
2021-10-08,0.24,0.25,0.24,0.24,1952117191
2021-10-09,0.24,0.25,0.24,0.25,1484990033
2021-10-10,0.25,0.25,0.23,0.23,1466060853
2021-10-11,0.23,0.24,0.23,0.23,1463611233
2021-10-12,0.23,0.23,0.22,0.23,1881102059
2021-10-13,0.23,0.23,0.22,0.23,1457486924
2021-10-14,0.23,0.24,0.23,0.23,1337117776
2021-10-15,0.23,0.24,0.23,0.23,1837803539
2021-10-16,0.23,0.24,0.23,0.24,1541850812
2021-10-17,0.24,0.24,0.23,0.24,1397143121
2021-10-18,0.24,0.27,0.24,0.25,5003365533
2021-10-19,0.25,0.25,0.24,0.25,1675967829
2021-10-20,0.25,0.26,0.24,0.25,1853058770
2021-10-21,0.25,0.26,0.24,0.24,1742570934
2021-10-22,0.24,0.25,0.24,0.24,1829875043
2021-10-23,0.24,0.25,0.24,0.25,1502684867
2021-10-24,0.25,0.28,0.25,0.28,5278760541
2021-10-25,0.28,0.28,0.26,0.26,3364560707
2021-10-26,0.26,0.27,0.25,0.26,2513384162
2021-10-27,0.26,0.26,0.22,0.24,5022822846
2021-10-28,0.24,0.34,0.23,0.30,20359592492
2021-10-29,0.30,0.31,0.28,0.29,5866664030
2021-10-30,0.29,0.29,0.26,0.27,3637334331
2021-10-31,0.27,0.28,0.25,0.28,4224104205
2021-11-01,0.28,0.29,0.26,0.27,2784956027
2021-11-02,0.27,0.28,0.27,0.27,2336414476
2021-11-03,0.27,0.28,0.26,0.27,2091380862
2021-11-04,0.27,0.27,0.25,0.26,1902957818
2021-11-05,0.26,0.27,0.26,0.26,1559898586
2021-11-06,0.26,0.27,0.25,0.26,1353526462
2021-11-07,0.26,0.27,0.26,0.27,1155873526
2021-11-08,0.27,0.30,0.26,0.28,4093381450
2021-11-09,0.28,0.29,0.27,0.27,2353452396
2021-11-10,0.27,0.28,0.24,0.26,2820521435
2021-11-11,0.26,0.27,0.25,0.26,1628781435
2021-11-12,0.26,0.27,0.25,0.26,1563007446
2021-11-13,0.26,0.26,0.25,0.26,923837904
2021-11-14,0.26,0.27,0.26,0.26,1264556615
2021-11-15,0.26,0.27,0.26,0.26,1028469310
2021-11-16,0.26,0.26,0.23,0.24,2248804980
2021-11-17,0.24,0.24,0.23,0.24,1543405154
2021-11-18,0.24,0.24,0.22,0.22,1860661769
2021-11-19,0.22,0.24,0.22,0.23,1296123511
2021-11-20,0.23,0.24,0.23,0.23,805305660
2021-11-21,0.23,0.23,0.23,0.23,751789838
2021-11-22,0.23,0.23,0.22,0.22,921753721
2021-11-23,0.22,0.24,0.21,0.23,1907278849
2021-11-24,0.23,0.23,0.21,0.22,1957665360
2021-11-25,0.22,0.23,0.21,0.22,1344826632
2021-11-26,0.22,0.22,0.19,0.20,2231733479
2021-11-27,0.20,0.21,0.20,0.21,917785649
2021-11-28,0.21,0.21,0.19,0.21,1027555437
2021-11-29,0.21,0.22,0.20,0.22,1869737827
2021-11-30,0.22,0.23,0.21,0.21,1897635999
2021-12-01,0.21,0.22,0.21,0.21,988030934
2021-12-02,0.21,0.22,0.20,0.21,1879305770
2021-12-03,0.21,0.21,0.19,0.20,1260948451
2021-12-04,0.20,0.20,0.13,0.18,4388513696
2021-12-05,0.18,0.18,0.16,0.17,1645331135
2021-12-06,0.17,0.18,0.16,0.18,1896979202
2021-12-07,0.18,0.18,0.18,0.18,1085087124
2021-12-08,0.18,0.18,0.17,0.18,1014713070
2021-12-09,0.18,0.18,0.17,0.17,1071039221
2021-12-10,0.17,0.17,0.16,0.16,845450410
2021-12-11,0.16,0.17,0.16,0.17,692929162
2021-12-12,0.17,0.17,0.17,0.17,593132337
2021-12-13,0.17,0.17,0.15,0.16,968464045
2021-12-14,0.16,0.22,0.16,0.18,6411471551
2021-12-15,0.19,0.19,0.17,0.18,2466135011
2021-12-16,0.18,0.18,0.17,0.17,1057988990
2021-12-17,0.17,0.18,0.16,0.17,1026719015
2021-12-18,0.17,0.17,0.17,0.17,658993272
2021-12-19,0.17,0.17,0.17,0.17,541018118
2021-12-20,0.17,0.17,0.16,0.17,912233179
2021-12-21,0.17,0.17,0.17,0.17,621397179
2021-12-22,0.17,0.18,0.17,0.17,932537493
2021-12-23,0.17,0.18,0.17,0.18,1184481683
2021-12-24,0.18,0.20,0.18,0.19,1853415104
2021-12-25,0.19,0.19,0.19,0.19,1010443046
2021-12-26,0.19,0.19,0.19,0.19,650674078
2021-12-27,0.19,0.19,0.19,0.19,666773423
2021-12-28,0.19,0.19,0.17,0.17,954075337
2021-12-29,0.17,0.18,0.17,0.17,823628336
2021-12-30,0.17,0.18,0.17,0.17,599236772
2021-12-31,0.17,0.18,0.17,0.17,644416694
2022-01-01,0.17,0.17,0.17,0.17,371336089
2022-01-02,0.17,0.18,0.17,0.17,391041933
2022-01-03,0.17,0.17,0.17,0.17,505900382
2022-01-04,0.17,0.17,0.17,0.17,541922892
2022-01-05,0.17,0.17,0.15,0.16,994086848
2022-01-06,0.16,0.16,0.16,0.16,715345645
2022-01-07,0.16,0.16,0.15,0.16,969384523
2022-01-08,0.16,0.16,0.15,0.15,584437036
2022-01-09,0.15,0.15,0.15,0.15,408786249
2022-01-10,0.15,0.15,0.14,0.14,763684873
2022-01-11,0.14,0.16,0.14,0.15,1628447666
2022-01-12,0.15,0.16,0.15,0.16,896008600
2022-01-13,0.16,0.17,0.16,0.17,2301820074
2022-01-14,0.17,0.20,0.17,0.18,5784004926
2022-01-15,0.18,0.19,0.18,0.19,1878282290
2022-01-16,0.19,0.19,0.18,0.18,1102750171
2022-01-17,0.18,0.18,0.17,0.17,1094379303
2022-01-18,0.17,0.17,0.16,0.17,979693368
2022-01-19,0.17,0.17,0.16,0.16,935006164
2022-01-20,0.16,0.17,0.16,0.16,469269658
2022-01-21,0.16,0.16,0.14,0.14,1163061854
2022-01-22,0.14,0.15,0.12,0.13,1693524581
2022-01-23,0.13,0.14,0.13,0.14,1006234946
2022-01-24,0.14,0.14,0.13,0.14,1446873574
2022-01-25,0.14,0.15,0.13,0.14,1347567750
2022-01-26,0.14,0.15,0.14,0.14,1253108115
2022-01-27,0.14,0.15,0.14,0.14,608707586
2022-01-28,0.14,0.14,0.14,0.14,506667466
2022-01-29,0.14,0.14,0.14,0.14,397610776
2022-01-30,0.14,0.14,0.14,0.14,363976741
2022-01-31,0.14,0.14,0.14,0.14,412307174
2022-02-01,0.14,0.14,0.14,0.14,409432267
2022-02-02,0.14,0.15,0.14,0.14,483194691
2022-02-03,0.14,0.14,0.14,0.14,383506507
2022-02-04,0.14,0.15,0.14,0.15,580740990
2022-02-05,0.15,0.15,0.15,0.15,587009429
2022-02-06,0.15,0.15,0.15,0.15,757004142
2022-02-07,0.15,0.17,0.15,0.17,1791358822
2022-02-08,0.17,0.17,0.15,0.16,1190116000
2022-02-09,0.16,0.16,0.16,0.16,778670798
2022-02-10,0.16,0.16,0.15,0.15,1053630584
2022-02-11,0.15,0.15,0.14,0.14,776730555
2022-02-12,0.14,0.15,0.14,0.14,602699408
2022-02-13,0.14,0.16,0.14,0.15,1581065491
2022-02-14,0.15,0.15,0.14,0.15,898042727
2022-02-15,0.15,0.15,0.15,0.15,674961496
2022-02-16,0.15,0.15,0.15,0.15,505588732
2022-02-17,0.15,0.15,0.14,0.14,721382126
2022-02-18,0.14,0.14,0.14,0.14,563817289
2022-02-19,0.14,0.15,0.14,0.14,655782652
2022-02-20,0.14,0.14,0.14,0.14,490138547
2022-02-21,0.14,0.14,0.13,0.13,913773124
2022-02-22,0.13,0.13,0.13,0.13,711967119
2022-02-23,0.13,0.14,0.13,0.13,587472906
2022-02-24,0.13,0.13,0.11,0.12,2046477370
2022-02-25,0.12,0.13,0.12,0.13,805161073
2022-02-26,0.13,0.13,0.13,0.13,535575654
2022-02-27,0.13,0.13,0.12,0.12,592809151
2022-02-28,0.12,0.13,0.12,0.13,765755924
2022-03-01,0.13,0.14,0.13,0.13,876604512
2022-03-02,0.13,0.14,0.13,0.13,709536320
2022-03-03,0.13,0.13,0.13,0.13,518193386
2022-03-04,0.13,0.13,0.12,0.12,650665594
2022-03-05,0.12,0.13,0.12,0.12,334091552
2022-03-06,0.13,0.13,0.12,0.12,400458464
2022-03-07,0.12,0.12,0.12,0.12,513014829
2022-03-08,0.12,0.12,0.12,0.12,491414294
2022-03-09,0.12,0.12,0.12,0.12,519157507
2022-03-10,0.12,0.12,0.12,0.12,513641345
2022-03-11,0.12,0.12,0.11,0.12,388727358
2022-03-12,0.12,0.12,0.12,0.12,235277001
2022-03-13,0.12,0.12,0.11,0.11,373430106
2022-03-14,0.11,0.12,0.11,0.11,822092169
2022-03-15,0.11,0.11,0.11,0.11,400614617
2022-03-16,0.11,0.12,0.11,0.12,537170937
2022-03-17,0.12,0.12,0.12,0.12,412838814
2022-03-18,0.12,0.12,0.11,0.12,410862503
2022-03-19,0.12,0.12,0.12,0.12,628081786
2022-03-20,0.12,0.12,0.12,0.12,428111799
2022-03-21,0.12,0.12,0.12,0.12,439486516
2022-03-22,0.12,0.13,0.12,0.12,610507111
2022-03-23,0.12,0.13,0.12,0.13,998922753
2022-03-24,0.13,0.14,0.13,0.14,2017926806
2022-03-25,0.14,0.14,0.13,0.13,882486375
2022-03-26,0.13,0.14,0.13,0.14,610401998
2022-03-27,0.14,0.14,0.14,0.14,1445019558
2022-03-28,0.14,0.15,0.14,0.14,1476875507
2022-03-29,0.14,0.15,0.14,0.14,961074557
2022-03-30,0.14,0.14,0.14,0.14,884305263
2022-03-31,0.14,0.15,0.14,0.14,1055136949
2022-04-01,0.14,0.14,0.13,0.14,877530017
2022-04-02,0.14,0.14,0.14,0.14,682408266
2022-04-03,0.14,0.15,0.14,0.15,1047399132
2022-04-04,0.15,0.16,0.14,0.15,2253509569
2022-04-05,0.15,0.18,0.15,0.17,5230288678
2022-04-06,0.17,0.17,0.14,0.14,3729047979
2022-04-07,0.14,0.15,0.14,0.15,1420790611
2022-04-08,0.15,0.15,0.14,0.14,1683800631
2022-04-09,0.14,0.14,0.14,0.14,523997409
2022-04-10,0.14,0.16,0.14,0.15,1931829669
2022-04-11,0.15,0.15,0.13,0.13,1515679359
2022-04-12,0.13,0.14,0.13,0.14,1214105682
2022-04-13,0.14,0.14,0.14,0.14,890728707
2022-04-14,0.14,0.15,0.14,0.14,1759067761
2022-04-15,0.14,0.15,0.14,0.15,1140382087
2022-04-16,0.15,0.15,0.14,0.14,584019179
2022-04-17,0.14,0.14,0.14,0.14,636442285
2022-04-18,0.14,0.14,0.13,0.14,909718484
2022-04-19,0.14,0.14,0.14,0.14,679511647
2022-04-20,0.14,0.15,0.14,0.14,1068542289
2022-04-21,0.14,0.14,0.14,0.14,740549793
2022-04-22,0.14,0.14,0.13,0.14,505251263
2022-04-23,0.14,0.14,0.13,0.13,349740069
2022-04-24,0.13,0.13,0.13,0.13,436620221
2022-04-25,0.13,0.17,0.12,0.16,5177823685
2022-04-26,0.16,0.17,0.14,0.14,4529010503
2022-04-27,0.14,0.15,0.14,0.14,1765370972
2022-04-28,0.14,0.14,0.14,0.14,1105137506
2022-04-29,0.14,0.14,0.13,0.14,1555397213
2022-04-30,0.14,0.14,0.13,0.13,916612071
2022-05-01,0.13,0.13,0.13,0.13,991710768
2022-05-02,0.13,0.13,0.13,0.13,769062732
2022-05-03,0.13,0.13,0.13,0.13,555706527
2022-05-04,0.13,0.14,0.13,0.14,838050627
2022-05-05,0.14,0.14,0.13,0.13,1258066467
